Workbook

Sheet Executive Dashboard
B2: HIGH PERFORMANCE TAKEOFF TRACKER
B3: "The becoming is the point." - J. Fraser
B4: Date: January 05, 2026 | C4: Week: 2 | D4: Q1
B6: PERFORMANCE SNAPSHOT | F6: AI INSIGHTS & RECOMMENDATIONS
B7: Daily Performance Score | C7: ='Performance Analytics'!C5 | D7: % | F7: 1. | G7: Performance Optimization: Review and apply insights from 'AI Insights' tab
B8: Energy Level | C8: ='Daily Journal'!AA2 | D8: /10 | F8: 2. | G8: Energy Management: Track patterns in your energy scores
B9: Weekly Goals Progress | C9: =COUNTIF('Daily Journal'!AF2:AF8,"Y")/7*100 | D9: % | F9: 3. | G9: Focus Areas: Identify lowest-scoring habits for improvement
B10: Leadership Impact | C10: ='Daily Journal'!AD2 | D10: /10 | F10: 4. | G10: Consistency Check: Maintain daily journal entries for best insights
B11: Work-Life Balance | C11: =(100-ABS('Daily Journal'!AS2-70)) | D11: % | F11: 5. | G11: Weekly Review: Complete Sunday reviews for pattern recognition
B12: Trend | C12: =IF('Performance Analytics'!C5>'Performance Analytics'!C6,"Rising",IF('Performance Analytics'!C5<'Performance Analytics'!C6,"Falling","Stable")) | F12: 6. | G12: Path Balance: Monitor 70/30 split between Path A and Path B
B15: WEEKLY HABIT SCORES
C16: Mon | D16: Tue | E16: Wed | F16: Thu | G16: Fri | H16: Sat | I16: Sun
B17: Clarity | C17: 5 | D17: 5 | E17: 5 | F17: 5 | G17: 5 | H17: 5 | I17: 5
B18: Energy | C18: 5 | D18: 5 | E18: 5 | F18: 5 | G18: 5 | H18: 5 | I18: 5
B19: Necessity | C19: 5 | D19: 5 | E19: 5 | F19: 5 | G19: 5 | H19: 5 | I19: 5
B20: Productivity | C20: 5 | D20: 5 | E20: 5 | F20: 5 | G20: 5 | H20: 5 | I20: 5
B21: Influence | C21: 5 | D21: 5 | E21: 5 | F21: 5 | G21: 5 | H21: 5 | I21: 5
B22: Courage | C22: 5 | D22: 5 | E22: 5 | F22: 5 | G22: 5 | H22: 5 | I22: 5

Sheet Daily Journal
A1: Date | B1: Day | C1: Week | D1: Quarter | E1: Today's Message | F1: Goal 1 | G1: Goal 2 | H1: Goal 3 | I1: Task 1 | J1: Task 1 Done | K1: Task 2 | L1: Task 2 Done | M1: Task 3 | N1: Task 3 Done | O1: Reach Out 1 | P1: Reach Out 2 | Q1: Reach Out 3 | R1: Prompt 1 | S1: Prompt 2 | T1: Prompt 3 | U1: Prompt 4 | V1: Prompt 5 | W1: Prompt 6 | X1: Prompt 7 | Y1: Prompt 8 | Z1: Prompt 9 | AA1: Prompt 10 | AB1: Prompt 11 | AC1: Clarity | AD1: Energy | AE1: Necessity | AF1: Productivity | AG1: Influence | AH1: Courage | AI1: Overall Score | AJ1: Money Progress | AK1: Health Progress | AL1: Career Progress | AM1: Creative Progress | AN1: Love Progress | AO1: Inner Progress | AP1: Money Notes | AQ1: Health Notes | AR1: Career Notes | AS1: Creative Notes | AT1: Love Notes | AU1: Inner Notes | AV1: Path A % | AW1: Win 1 | AX1: Win 2 | AY1: Win 3 | AZ1: Improvement | BA1: Gratitude | BB1: Tomorrow Priority | BC1: Timestamp
A2: 2026-01-05 | B2: Monday | C2: 2 | D2: Q1 | AI2: =AVERAGE(AC2:AH2)

Sheet Performance Analytics
B2: PERFORMANCE ANALYTICS
B4: PERFORMANCE TRENDS (Last 30 Days)
B5: Date | C5: Clarity | D5: Energy | E5: Necessity | F5: Productivity | G5: Influence | H5: Courage | I5: Overall
B6: ='Daily Journal'!A2
B7: ='Daily Journal'!A3
B8: ='Daily Journal'!A4
B9: ='Daily Journal'!A5
B10: ='Daily Journal'!A6
B11: ='Daily Journal'!A7
B12: ='Daily Journal'!A8
B13: ='Daily Journal'!A9
B14: ='Daily Journal'!A10
B15: ='Daily Journal'!A11
B16: ='Daily Journal'!A12
B17: ='Daily Journal'!A13
... B35: ='Daily Journal'!A31
B38: KEY METRICS
B39: Average Daily Score: | C39: =AVERAGE(I6:I35)
B40: Best Performing Habit: | C40: =INDEX(C5:H5,MATCH(MAX(AVERAGE(C6:C35),AVERAGE(D6:D35),AVERAGE(E6:E35),AVERAGE(F6:F35),AVERAGE(G6:G35),AVERAGE(H6:H35)),{AVERAGE(C6:C35),AVERAGE(D6:D35),AVERAGE(E6:E35),AVERAGE(F6:F35),AVERAGE(G6:G35),AVERAGE(H6:H35)},0))
B41: Improvement Opportunity: | C41: =INDEX(C5:H5,MATCH(MIN(AVERAGE(C6:C35),AVERAGE(D6:D35),AVERAGE(E6:E35),AVERAGE(F6:F35),AVERAGE(G6:G35),AVERAGE(H6:H35)),{AVERAGE(C6:C35),AVERAGE(D6:D35),AVERAGE(E6:E35),AVERAGE(F6:F35),AVERAGE(G6:G35),AVERAGE(H6:H35)},0))
B42: Consistency Score: | C42: =COUNTA(B6:B35)/30*100
B43: Weekly Trend: | C43: =IF(AVERAGE(I6:I12)>AVERAGE(I13:I19),"Improving","Needs Focus")
B46: TREND ANALYSIS
B47: Energy vs Productivity Correlation: | C47: =CORREL(D6:D35,F6:F35)
B48: Clarity vs Overall Correlation: | C48: =CORREL(C6:C35,I6:I35)

Sheet AI Insights
B2: AI-POWERED INSIGHTS
B4: PERSONALIZED RECOMMENDATIONS
B5: Performance Optimization | C5: =IF('Performance Analytics'!C39<7,"Focus on improving your weakest habit area","Maintain your strong performance patterns")
B6: Stress Management | C6: =IF('Daily Journal'!AD2<5,"Consider energy management techniques - your energy score is low","Your energy levels are healthy - maintain current practices")
B7: Leadership Effectiveness | C7: =IF('Daily Journal'!AG2<6,"Look for opportunities to influence and lead others","Your leadership impact is strong - continue mentoring")
B8: Work-Life Balance | C8: =IF(ABS('Daily Journal'!AV2-70)>20,"Adjust your Path A/B balance toward the 70/30 target","Good balance between creative work and stability")
B9: Energy Management | C9: =IF('Daily Journal'!AD2<'Daily Journal'!AC2,"Energy is lagging behind clarity - focus on physical wellness","Energy and clarity are well-aligned")
B10: Goal Achievement | C10: =IF(COUNTBLANK('Daily Journal'!F2:H2)>0,"Set clear daily goals to improve focus","Goals are set - focus on execution")
B13: PATTERN RECOGNITION
B14: Best Performance Days | C14: Track your highest-scoring days to identify optimal conditions
B15: Energy Peak Times | C15: Note when your energy scores are highest
B16: Stress Triggers | C16: Identify situations that correlate with low scores
B17: Productivity Patterns | C17: Find which activities lead to highest productivity
B18: Leadership Moments | C18: Document when you have the most influence
B21: PREDICTIVE ANALYTICS
B22: Based on your patterns, tomorrow you should:
B23: =IF('Daily Journal'!AD2<6,"1. Prioritize rest and recovery activities","1. Channel your high energy into bold action"))
B24: =IF('Daily Journal'!AC2<6,"2. Start with a clarity-building morning routine","2. Dive into your most important creative work"))
B25: =IF('Daily Journal'!AG2<6,"3. Schedule time for meaningful connections","3. Lead a meeting or mentor someone"))

Sheet Vision Board Tracker
B2: 2026 VISION BOARD TRACKER
B4: Domain | C4: Target | D4: Current | E4: Progress % | F4: Last Updated | G4: Notes
B5: Money & Finance | C5: $15K/month revenue | D5: $0 | E5: 0% | G5: 5 -> 10 -> 20 clients
B6: Health & Fitness | C6: 3x/week, 185-197 lbs | D6: 0x/week | E6: 0% | G6: Strength training focus
B7: Career/BCCS | C7: Excellence + Legacy | D7: In Progress | E7: 0% | G7: Build automation systems
B8: Creative Ventures | C8: 4 books, 5K followers | D8: 0 books | E8: 0% | G8: SHIP IT! Path A focus
B9: Love & Relationship | C9: 12 date nights | D9: 0 dates | E9: 0% | G9: Presence over performance
B10: Inner Peace | C10: Daily practice | D10: 0% | E10: 0% | G10: The spiral continues
B13: PATH ALLOCATION TRACKING
B14: Weekly Average - Path A (SHIP IT!): | C14: =AVERAGE('Daily Journal'!AV2:AV8) | D14: %
B15: Weekly Average - Path B (Stability): | C15: =100-C14 | D15: %
B16: Target Split: | C16: 70% / 30%
B17: Variance from Target: | C17: =ABS(C14-70) | D17: % off

Sheet Weekly Review
B2: WEEKLY REVIEW
B4: Week Number: | C4: 2
B6: WEEKLY WINS (Top 3)
B7: 1.
B8: 2.
B9: 3.
B11: WEEKLY CHALLENGES
B14: HABIT SCORE AVERAGES
C15: Mon | D15: Tue | E15: Wed | F15: Thu | G15: Fri | H15: Sat | I15: Sun | J15: Avg
B16: Clarity | J16: =AVERAGE(C16:I16)
B17: Energy | J17: =AVERAGE(C17:I17)
B18: Necessity | J18: =AVERAGE(C18:I18)
B19: Productivity | J19: =AVERAGE(C19:I19)
B20: Influence | J20: =AVERAGE(C20:I20)
B21: Courage | J21: =AVERAGE(C21:I21)
B22: Overall | J22: =AVERAGE(C22:I22)
B25: INSIGHTS FOR NEXT WEEK
C26: =IF(J22<7,"Focus on improving overall performance","Maintain momentum and push for excellence")
B28: COMMITMENT FOR NEXT WEEK

Sheet Monthly Review
B2: MONTHLY REVIEW
B4: Month: | C4: January 2026
B6: MONTHLY SCORECARD
B7: Average Daily Performance: | C7: =AVERAGE('Daily Journal'!AI2:AI32) | D7: %
B8: Consistency (days completed): | C8: =COUNTA('Daily Journal'!A2:A32) | D8: /31
B9: Best Week: | C9: Week 1
B10: Improvement from Last Month: | C10: +0 | D10: %
B13: DOMAIN PROGRESS
B14: Money & Finance | C14: 0% | D14: of monthly target
B15: Health & Fitness | C15: 0% | D15: of monthly target
B16: Career/BCCS | C16: 0% | D16: of monthly target
B17: Creative Ventures | C17: 0% | D17: of monthly target
B18: Love & Relationship | C18: 0% | D18: of monthly target
B19: Inner Peace | C19: 0% | D19: of monthly target
B22: WINS OF THE MONTH
B23: 1.
B24: 2.
B25: 3.
B28: FOCUS AREAS FOR NEXT MONTH
C29: ='AI Insights'!C6

Sheet Settings & Reference
B2: SETTINGS & REFERENCE
B4: USER SETTINGS
B5: Name: | C5: Joshua Fraser, Ed.D.
B6: Start Date: | C6: January 1, 2026
B7: Time Zone: | C7: America/Chicago
B10: SCORING REFERENCE
B11: 1-4: | C11: Needs Work (Red)
B12: 5-6: | C12: Making Progress (Yellow)
B13: 7-8: | C13: On Track (Green)
B14: 9-10: | C14: Exceptional (Gold)
B17: DOMAIN DEFINITIONS
B18: Money & Finance: | C18: $15K/mo revenue, 20 clients, debt freedom
B19: Health & Fitness: | C19: 3x/week strength training, 185-197 lbs
B20: Career/BCCS: | C20: Excellence while transitioning, legacy systems
B21: Creative Ventures: | C21: 4 books shipped, 5K followers, 2K subscribers
B22: Love & Relationship: | C22: 12 date nights, presence over performance
B23: Inner Peace: | C23: Daily practice, the spiral continues
B26: PATH ALLOCATION
B27: Path A (SHIP IT!): | C27: 70% - Creative ventures, platform, books
B28: Path B (Stability): | C28: 30% - BCCS excellence, family, health
